{
  "acela.": {
    "operatingRevenue": 76700000,
    "operatingExpenses": 74600000,
    "adjustedEarnings": 2100000,
    "ridership": 478400,
    "seatMiles": 159400000,
    "passengerMiles": 95500000,
    "trainMiles": 500,
    "frequencies": 1307000
  },
  "regional": {
    "operatingRevenue": 151900000,
    "operatingExpenses": 132300000.00000001,
    "adjustedEarnings": 19600000,
    "ridership": 1706400,
    "seatMiles": 533400000,
    "passengerMiles": 307300000,
    "trainMiles": 1200,
    "frequencies": 3281300
  },
  "necSpecialTrainsAdjustments": {
    "operatingRevenue": 1300000,
    "operatingExpenses": 1900000,
    "adjustedEarnings": -600000,
    "ridership": 0,
    "seatMiles": 900000,
    "passengerMiles": 0,
    "trainMiles": 0,
    "frequencies": 68000
  },
  "nec": {
    "operatingRevenue": 229900000,
    "operatingExpenses": 208800000,
    "adjustedEarnings": 21100000,
    "ridership": 2184900,
    "seatMiles": 693700000,
    "passengerMiles": 402800000,
    "trainMiles": 1800,
    "frequencies": 4656300
  },
  "ethanAllenExpress": {
    "operatingRevenue": 700000,
    "operatingExpenses": 1400000,
    "adjustedEarnings": -700000,
    "ridership": 12600,
    "seatMiles": 5600000,
    "passengerMiles": 700000,
    "trainMiles": 0,
    "frequencies": 76200
  },
  "vermonter": {
    "operatingRevenue": 2100000,
    "operatingExpenses": 2200000,
    "adjustedEarnings": -100000,
    "ridership": 23500,
    "seatMiles": 13600000,
    "passengerMiles": 2700000,
    "trainMiles": 0,
    "frequencies": 73800
  },
  "mapleLeaf": {
    "operatingRevenue": 5100000,
    "operatingExpenses": 9200000,
    "adjustedEarnings": -4099999.9999999995,
    "ridership": 95000,
    "seatMiles": 59000000,
    "passengerMiles": 18000000,
    "trainMiles": 200,
    "frequencies": 382700
  },
  "theDowneaster": {
    "operatingRevenue": 4099999.9999999995,
    "operatingExpenses": 4300000,
    "adjustedEarnings": -200000,
    "ridership": 99100,
    "seatMiles": 37600000,
    "passengerMiles": 8400000,
    "trainMiles": 100,
    "frequencies": 903000
  },
  "newHavenSpringfield": {
    "operatingRevenue": 0,
    "operatingExpenses": 4800000,
    "adjustedEarnings": 8000000,
    "ridership": -3200,
    "seatMiles": 86200000,
    "passengerMiles": 25000000,
    "trainMiles": 100,
    "frequencies": 1504800
  },
  "keystoneService": {
    "operatingRevenue": 7100000,
    "operatingExpenses": 15900000,
    "adjustedEarnings": -8800000,
    "ridership": 199200,
    "seatMiles": 55800000,
    "passengerMiles": 13700000,
    "trainMiles": 200,
    "frequencies": 1005100
  },
  "empireService": {
    "operatingRevenue": 16600000.000000002,
    "operatingExpenses": 17300000,
    "adjustedEarnings": -700000,
    "ridership": 264800,
    "seatMiles": 74300000,
    "passengerMiles": 42300000,
    "trainMiles": 200,
    "frequencies": 1167700
  },
  "chicagoStLouis": {
    "operatingRevenue": 8600000,
    "operatingExpenses": 8600000,
    "adjustedEarnings": 0,
    "ridership": 112500,
    "seatMiles": 56300000,
    "passengerMiles": 20800000,
    "trainMiles": 200,
    "frequencies": 733000
  },
  "hiawathas": {
    "operatingRevenue": 5900000,
    "operatingExpenses": 5100000,
    "adjustedEarnings": 700000,
    "ridership": 116200,
    "seatMiles": 22100000,
    "passengerMiles": 9300000,
    "trainMiles": 100,
    "frequencies": 1263000
  },
  "wolverines": {
    "operatingRevenue": 8000000,
    "operatingExpenses": 8800000,
    "adjustedEarnings": -800000,
    "ridership": 86000,
    "seatMiles": 43400000,
    "passengerMiles": 18800000,
    "trainMiles": 200,
    "frequencies": 552000
  },
  "illini": {
    "operatingRevenue": 5500000,
    "operatingExpenses": 4400000,
    "adjustedEarnings": 1100000,
    "ridership": 75600,
    "seatMiles": 50600000,
    "passengerMiles": 12200000,
    "trainMiles": 100,
    "frequencies": 368000
  },
  "illinoisZephyr": {
    "operatingRevenue": 3400000,
    "operatingExpenses": 3100000,
    "adjustedEarnings": 400000,
    "ridership": 35600,
    "seatMiles": 19700000,
    "passengerMiles": 5900000,
    "trainMiles": 100,
    "frequencies": 366000
  },
  "heartlandFlyer": {
    "operatingRevenue": 1700000,
    "operatingExpenses": 1800000,
    "adjustedEarnings": -100000,
    "ridership": 14600,
    "seatMiles": 7000000,
    "passengerMiles": 2700000,
    "trainMiles": 0,
    "frequencies": 183000
  },
  "pacificSurfliner": {
    "operatingRevenue": 22300000,
    "operatingExpenses": 25900000,
    "adjustedEarnings": -3500000,
    "ridership": 349300,
    "seatMiles": 163400000,
    "passengerMiles": 34700000,
    "trainMiles": 400,
    "frequencies": 1848000
  },
  "cascades": {
    "operatingRevenue": 8600000,
    "operatingExpenses": 9500000,
    "adjustedEarnings": -900000,
    "ridership": 89900,
    "seatMiles": 30600000,
    "passengerMiles": 14000000,
    "trainMiles": 100,
    "frequencies": 552000
  },
  "capitols": {
    "operatingRevenue": 12100000,
    "operatingExpenses": 12900000,
    "adjustedEarnings": -900000,
    "ridership": 162500,
    "seatMiles": 65000000,
    "passengerMiles": 12200000,
    "trainMiles": 200,
    "frequencies": 1906000
  },
  "sanJoaquins": {
    "operatingRevenue": 18800000,
    "operatingExpenses": 20400000,
    "adjustedEarnings": -1600000,
    "ridership": 168100,
    "seatMiles": 128800000.00000001,
    "passengerMiles": 24800000,
    "trainMiles": 300,
    "frequencies": 1070000
  },
  "adirondack": {
    "operatingRevenue": 500000,
    "operatingExpenses": 400000,
    "adjustedEarnings": 100000,
    "ridership": 0,
    "seatMiles": 0,
    "passengerMiles": 0,
    "trainMiles": 0,
    "frequencies": 0
  },
  "blueWater": {
    "operatingRevenue": 3000000,
    "operatingExpenses": 3300000,
    "adjustedEarnings": -300000,
    "ridership": 35400,
    "seatMiles": 20900000,
    "passengerMiles": 6800000,
    "trainMiles": 100,
    "frequencies": 184000
  },
  "washingtonLynchburg": {
    "operatingRevenue": 2100000,
    "operatingExpenses": 2600000,
    "adjustedEarnings": -500000,
    "ridership": 48200,
    "seatMiles": 19500000,
    "passengerMiles": 7000000,
    "trainMiles": 0,
    "frequencies": 67400
  },
  "washingtonNewportNews": {
    "operatingRevenue": 0,
    "operatingExpenses": 2800000,
    "adjustedEarnings": 5000000,
    "ridership": -2100,
    "seatMiles": 71300000,
    "passengerMiles": 27300000,
    "trainMiles": 100,
    "frequencies": 115300
  },
  "washingtonNorfolk": {
    "operatingRevenue": 0,
    "operatingExpenses": 2800000,
    "adjustedEarnings": 4400000,
    "ridership": -1500,
    "seatMiles": 56400000,
    "passengerMiles": 34100000,
    "trainMiles": 100,
    "frequencies": 125000
  },
  "washingtonRichmond": {
    "operatingRevenue": 0,
    "operatingExpenses": 1000000,
    "adjustedEarnings": 1400000,
    "ridership": -400,
    "seatMiles": 15000000,
    "passengerMiles": 9800000,
    "trainMiles": 0,
    "frequencies": 46100
  },
  "hoosierState": {
    "operatingRevenue": 0,
    "operatingExpenses": 0,
    "adjustedEarnings": 0,
    "ridership": 0,
    "seatMiles": 0,
    "passengerMiles": 0,
    "trainMiles": 0,
    "frequencies": 0
  },
  "kansasCityStLouis": {
    "operatingRevenue": 3800000,
    "operatingExpenses": 3500000,
    "adjustedEarnings": 400000,
    "ridership": 35600,
    "seatMiles": 22300000,
    "passengerMiles": 6500000,
    "trainMiles": 100,
    "frequencies": 361000
  },
  "pennsylvanian": {
    "operatingRevenue": 3500000,
    "operatingExpenses": 4500000,
    "adjustedEarnings": -1000000,
    "ridership": 45000,
    "seatMiles": 19400000,
    "passengerMiles": 9500000,
    "trainMiles": 100,
    "frequencies": 146100
  },
  "gulfCoastLimited": {
    "operatingRevenue": 0,
    "operatingExpenses": 0,
    "adjustedEarnings": 0,
    "ridership": 0,
    "seatMiles": 0,
    "passengerMiles": 0,
    "trainMiles": 0,
    "frequencies": 0
  },
  "pereMarquette": {
    "operatingRevenue": 1500000,
    "operatingExpenses": 2400000,