{
  "acela": {
    "operatingRevenue": 87400000,
    "operatingExpenses": 101000000,
    "adjustedEarnings": -13600000,
    "ridership": 564900,
    "seatMiles": 210800000,
    "passengerMiles": 113000000,
    "trainMiles": 700,
    "frequencies": 1732000
  },
  "regional": {
    "operatingRevenue": 174100000,
    "operatingExpenses": 178200000,
    "adjustedEarnings": -4099999.9999999995,
    "ridership": 2016900,
    "seatMiles": 680800000,
    "passengerMiles": 364100000,
    "trainMiles": 1600,
    "frequencies": 4243100
  },
  "necSpecialTrainsAdjustments": {
    "operatingRevenue": 1900000,
    "operatingExpenses": 2700000,
    "adjustedEarnings": -800000,
    "ridership": 0,
    "seatMiles": 1300000,
    "passengerMiles": 0,
    "trainMiles": 0,
    "frequencies": 93000
  },
  "nec": {
    "operatingRevenue": 263399999.99999997,
    "operatingExpenses": 281900000,
    "adjustedEarnings": -18500000,
    "ridership": 2581700,
    "seatMiles": 892900000,
    "passengerMiles": 477100000,
    "trainMiles": 2300,
    "frequencies": 6068100
  },
  "ethanAllenExpress": {
    "operatingRevenue": 700000,
    "operatingExpenses": 1800000,
    "adjustedEarnings": -1100000,
    "ridership": 15100,
    "seatMiles": 7500000,
    "passengerMiles": 800000,
    "trainMiles": 0,
    "frequencies": 101300
  },
  "vermonter": {
    "operatingRevenue": 2800000,
    "operatingExpenses": 3100000,
    "adjustedEarnings": -300000,
    "ridership": 27800,
    "seatMiles": 17800000,
    "passengerMiles": 3200000,
    "trainMiles": 100,
    "frequencies": 97100
  },
  "mapleLeaf": {
    "operatingRevenue": 9300000,
    "operatingExpenses": 12600000,
    "adjustedEarnings": -3200000,
    "ridership": 117500,
    "seatMiles": 78800000,
    "passengerMiles": 22300000,
    "trainMiles": 200,
    "frequencies": 510400
  },
  "theDowneaster": {
    "operatingRevenue": 5400000,
    "operatingExpenses": 6000000,
    "adjustedEarnings": -600000,
    "ridership": 119500,
    "seatMiles": 50300000,
    "passengerMiles": 10300000,
    "trainMiles": 200,
    "frequencies": 1199000
  },
  "newHavenSpringfield": {
    "operatingRevenue": 0,
    "operatingExpenses": 6700000,
    "adjustedEarnings": 11000000,
    "ridership": -4300,
    "seatMiles": 103300000,
    "passengerMiles": 32500000,
    "trainMiles": 200,
    "frequencies": 1977800
  },
  "keystoneService": {
    "operatingRevenue": 9700000,
    "operatingExpenses": 22200000,
    "adjustedEarnings": -12500000,
    "ridership": 239400,
    "seatMiles": 73700000,
    "passengerMiles": 16399999.999999998,
    "trainMiles": 200,
    "frequencies": 1330600
  },
  "empireService": {
    "operatingRevenue": 25500000,
    "operatingExpenses": 23700000,
    "adjustedEarnings": 1800000,
    "ridership": 314600,
    "seatMiles": 98600000,
    "passengerMiles": 50900000,
    "trainMiles": 300,
    "frequencies": 1539800
  },
  "chicagoStLouis": {
    "operatingRevenue": 11900000,
    "operatingExpenses": 12200000,
    "adjustedEarnings": -300000,
    "ridership": 137800,
    "seatMiles": 78100000,
    "passengerMiles": 25600000,
    "trainMiles": 300,
    "frequencies": 981000
  },
  "hiawathas": {
    "operatingRevenue": 6100000,
    "operatingExpenses": 7300000,
    "adjustedEarnings": -1200000,
    "ridership": 138900,
    "seatMiles": 28900000,
    "passengerMiles": 11200000,
    "trainMiles": 100,
    "frequencies": 1652000
  },
  "wolverines": {
    "operatingRevenue": 10700000,
    "operatingExpenses": 12500000,
    "adjustedEarnings": -1800000,
    "ridership": 105800,
    "seatMiles": 58100000,
    "passengerMiles": 23100000,
    "trainMiles": 200,
    "frequencies": 734000
  },
  "illini": {
    "operatingRevenue": 7500000,
    "operatingExpenses": 6000000,
    "adjustedEarnings": 1500000,
    "ridership": 89800,
    "seatMiles": 62600000,
    "passengerMiles": 14500000,
    "trainMiles": 100,
    "frequencies": 462000
  },
  "illinoisZephyr": {
    "operatingRevenue": 6000000,
    "operatingExpenses": 4500000,
    "adjustedEarnings": 1500000,
    "ridership": 42900,
    "seatMiles": 25700000,
    "passengerMiles": 7100000,
    "trainMiles": 100,
    "frequencies": 488000
  },
  "heartlandFlyer": {
    "operatingRevenue": 2300000,
    "operatingExpenses": 2500000,
    "adjustedEarnings": -200000,
    "ridership": 17600,
    "seatMiles": 8800000,
    "passengerMiles": 3200000,
    "trainMiles": 100,
    "frequencies": 245000
  },
  "pacificSurfliner": {
    "operatingRevenue": 30600000,
    "operatingExpenses": 35600000,
    "adjustedEarnings": -5000000,
    "ridership": 425500,
    "seatMiles": 217700000,
    "passengerMiles": 42200000,
    "trainMiles": 500,
    "frequencies": 2469000
  },
  "cascades": {
    "operatingRevenue": 11000000,
    "operatingExpenses": 13400000,
    "adjustedEarnings": -2400000,
    "ridership": 110000,
    "seatMiles": 40200000,
    "passengerMiles": 17100000,
    "trainMiles": 200,
    "frequencies": 730000
  },
  "capitols": {
    "operatingRevenue": 16399999.999999998,
    "operatingExpenses": 17600000,
    "adjustedEarnings": -1100000,
    "ridership": 199300,
    "seatMiles": 85200000,
    "passengerMiles": 14900000,
    "trainMiles": 300,
    "frequencies": 2543000
  },
  "sanJoaquins": {
    "operatingRevenue": 25700000,
    "operatingExpenses": 28100000,
    "adjustedEarnings": -2400000,
    "ridership": 208600,
    "seatMiles": 173100000,
    "passengerMiles": 30700000,
    "trainMiles": 400,
    "frequencies": 1441000
  },
  "adirondack": {
    "operatingRevenue": 500000,
    "operatingExpenses": 600000,
    "adjustedEarnings": 0,
    "ridership": 0,
    "seatMiles": 0,
    "passengerMiles": 0,
    "trainMiles": 0,
    "frequencies": 0
  },
  "blueWater": {
    "operatingRevenue": 4200000,
    "operatingExpenses": 4800000,
    "adjustedEarnings": -600000,
    "ridership": 42700,
    "seatMiles": 27300000,
    "passengerMiles": 8199999.999999999,
    "trainMiles": 100,
    "frequencies": 246000
  },
  "washingtonLynchburg": {
    "operatingRevenue": 2500000,
    "operatingExpenses": 3500000,
    "adjustedEarnings": -1000000,
    "ridership": 57400,
    "seatMiles": 25200000,
    "passengerMiles": 8300000.000000001,
    "trainMiles": 100,
    "frequencies": 88200
  },
  "washingtonNewportNews": {
    "operatingRevenue": 0,
    "operatingExpenses": 3100000,
    "adjustedEarnings": 6000000,
    "ridership": -3000,
    "seatMiles": 80500000,
    "passengerMiles": 32100000,
    "trainMiles": 100,
    "frequencies": 134900
  },
  "washingtonNorfolk": {
    "operatingRevenue": 0,
    "operatingExpenses": 3900000,
    "adjustedEarnings": 5900000,
    "ridership": -2100,
    "seatMiles": 68400000,
    "passengerMiles": 44000000,
    "trainMiles": 100,
    "frequencies": 163800
  },
  "washingtonRichmond": {
    "operatingRevenue": 0,
    "operatingExpenses": 1600000,
    "adjustedEarnings": 1900000,
    "ridership": -300,
    "seatMiles": 18300000,
    "passengerMiles": 12500000,
    "trainMiles": 0,
    "frequencies": 58500
  },
  "hoosierState": {
    "operatingRevenue": 0,
    "operatingExpenses": 0,
    "adjustedEarnings": 0,
    "ridership": 0,
    "seatMiles": 0,
    "passengerMiles": 0,
    "trainMiles": 0,
    "frequencies": 0
  },
  "kansasCityStLouis": {
    "operatingRevenue": 4700000,
    "operatingExpenses": 4300000,
    "adjustedEarnings": 400000,
    "ridership": 40600,
    "seatMiles": 26600000,
    "passengerMiles": 7500000,
    "trainMiles": 100,
    "frequencies": 427000
  },
  "pennsylvanian": {
    "operatingRevenue": 4800000,
    "operatingExpenses": 6200000,
    "adjustedEarnings": -1400000,
    "ridership": 55100,
    "seatMiles": 25600000,
    "passengerMiles": 11700000,
    "trainMiles": 100,
    "frequencies": 193700
  },
  "gulfCoastLimited": {
    "operatingRevenue": 0,
    "operatingExpenses": 0,
    "adjustedEarnings": 0,
    "ridership": 0,
    "seatMiles": 0,
    "passengerMiles": 0,
    "trainMiles": 0,
    "frequencies": 0
  },