{
  "acela": {
    "operatingRevenue": 132300000.00000001,
    "operatingExpenses": 158900000,
    "adjustedEarnings": -26600000,
    "ridership": 865600,
    "seatMiles": 317900000,
    "passengerMiles": 172400000,
    "trainMiles": 1000,
    "frequencies": 2610000
  },
  "regional": {
    "operatingRevenue": 248400000,
    "operatingExpenses": 268200000,
    "adjustedEarnings": -19900000,
    "ridership": 2924800,
    "seatMiles": 969100000,
    "passengerMiles": 524500000,
    "trainMiles": 2200,
    "frequencies": 6064200
  },
  "necSpecialTrainsAdjustments": {
    "operatingRevenue": 2900000,
    "operatingExpenses": 4400000,
    "adjustedEarnings": -1500000,
    "ridership": 0,
    "seatMiles": 1800000,
    "passengerMiles": 0,
    "trainMiles": 0,
    "frequencies": 151000
  },
  "nec": {
    "operatingRevenue": 383500000,
    "operatingExpenses": 431500000,
    "adjustedEarnings": -48000000,
    "ridership": 3790500,
    "seatMiles": 1288800000,
    "passengerMiles": 696900000,
    "trainMiles": 3300,
    "frequencies": 8825200
  },
  "ethanAllenExpress": {
    "operatingRevenue": 1200000,
    "operatingExpenses": 2800000,
    "adjustedEarnings": -1600000,
    "ridership": 22000,
    "seatMiles": 11100000,
    "passengerMiles": 1200000,
    "trainMiles": 0,
    "frequencies": 149800
  },
  "vermonter": {
    "operatingRevenue": 4500000,
    "operatingExpenses": 4700000,
    "adjustedEarnings": -200000,
    "ridership": 38900,
    "seatMiles": 25900000,
    "passengerMiles": 4400000,
    "trainMiles": 100,
    "frequencies": 141500
  },
  "mapleLeaf": {
    "operatingRevenue": 15900000,
    "operatingExpenses": 19100000,
    "adjustedEarnings": -3200000,
    "ridership": 173000,
    "seatMiles": 117200000,
    "passengerMiles": 32500000,
    "trainMiles": 300,
    "frequencies": 753400
  },
  "theDowneaster": {
    "operatingRevenue": 8400000,
    "operatingExpenses": 9200000,
    "adjustedEarnings": -900000,
    "ridership": 178600,
    "seatMiles": 76100000,
    "passengerMiles": 15600000,
    "trainMiles": 300,
    "frequencies": 1789000
  },
  "newHavenSpringfield": {
    "operatingRevenue": 0,
    "operatingExpenses": 10500000,
    "adjustedEarnings": 16600000.000000002,
    "ridership": -6000,
    "seatMiles": 147500000,
    "passengerMiles": 49100000,
    "trainMiles": 200,
    "frequencies": 2816000
  },
  "keystoneService": {
    "operatingRevenue": 16000000,
    "operatingExpenses": 35000000,
    "adjustedEarnings": -19000000,
    "ridership": 347700,
    "seatMiles": 109400000,
    "passengerMiles": 23700000,
    "trainMiles": 300,
    "frequencies": 1971400
  },
  "empireService": {
    "operatingRevenue": 27700000,
    "operatingExpenses": 37200000,
    "adjustedEarnings": -9500000,
    "ridership": 455000,
    "seatMiles": 143100000,
    "passengerMiles": 73900000,
    "trainMiles": 400,
    "frequencies": 2193500
  },
  "chicagoStLouis": {
    "operatingRevenue": 18200000,
    "operatingExpenses": 19500000,
    "adjustedEarnings": -1300000,
    "ridership": 209800,
    "seatMiles": 115000000,
    "passengerMiles": 39100000,
    "trainMiles": 400,
    "frequencies": 1443000
  },
  "hiawathas": {
    "operatingRevenue": 9700000,
    "operatingExpenses": 11600000,
    "adjustedEarnings": -1900000,
    "ridership": 199000,
    "seatMiles": 39700000,
    "passengerMiles": 16000000,
    "trainMiles": 200,
    "frequencies": 2255000
  },
  "wolverines": {
    "operatingRevenue": 16800000,
    "operatingExpenses": 20200000,
    "adjustedEarnings": -3400000,
    "ridership": 157600,
    "seatMiles": 83400000,
    "passengerMiles": 34500000,
    "trainMiles": 300,
    "frequencies": 1078000
  },
  "illini": {
    "operatingRevenue": 10200000,
    "operatingExpenses": 8199999.999999999,
    "adjustedEarnings": 2000000,
    "ridership": 120000,
    "seatMiles": 79100000,
    "passengerMiles": 19400000,
    "trainMiles": 200,
    "frequencies": 576000
  },
  "illinoisZephyr": {
    "operatingRevenue": 9000000,
    "operatingExpenses": 7500000,
    "adjustedEarnings": 1500000,
    "ridership": 63000,
    "seatMiles": 37900000,
    "passengerMiles": 10400000,
    "trainMiles": 200,
    "frequencies": 723000
  },
  "heartlandFlyer": {
    "operatingRevenue": 3500000,
    "operatingExpenses": 4000000,
    "adjustedEarnings": -500000,
    "ridership": 26800,
    "seatMiles": 12900000,
    "passengerMiles": 4900000,
    "trainMiles": 100,
    "frequencies": 357000
  },
  "pacificSurfliner": {
    "operatingRevenue": 46100000,
    "operatingExpenses": 55300000,
    "adjustedEarnings": -9200000,
    "ridership": 657300,
    "seatMiles": 325100000,
    "passengerMiles": 64900000.00000001,
    "trainMiles": 800,
    "frequencies": 3679000
  },
  "cascades": {
    "operatingRevenue": 17900000,
    "operatingExpenses": 20700000,
    "adjustedEarnings": -2800000,
    "ridership": 163800,
    "seatMiles": 59200000,
    "passengerMiles": 25400000,
    "trainMiles": 300,
    "frequencies": 1077700
  },
  "capitols": {
    "operatingRevenue": 24200000,
    "operatingExpenses": 27400000,
    "adjustedEarnings": -3100000,
    "ridership": 288600,
    "seatMiles": 123600000,
    "passengerMiles": 21700000,
    "trainMiles": 500,
    "frequencies": 3776000
  },
  "sanJoaquins": {
    "operatingRevenue": 38300000,
    "operatingExpenses": 42400000,
    "adjustedEarnings": -4099999.9999999995,
    "ridership": 310700,
    "seatMiles": 257899999.99999997,
    "passengerMiles": 45400000,
    "trainMiles": 700,
    "frequencies": 2149000
  },
  "adirondack": {
    "operatingRevenue": 900000,
    "operatingExpenses": 1000000,
    "adjustedEarnings": -100000,
    "ridership": 0,
    "seatMiles": 0,
    "passengerMiles": 0,
    "trainMiles": 0,
    "frequencies": 0
  },
  "blueWater": {
    "operatingRevenue": 6700000,
    "operatingExpenses": 7700000,
    "adjustedEarnings": -1100000,
    "ridership": 62000,
    "seatMiles": 39100000,
    "passengerMiles": 12000000,
    "trainMiles": 100,
    "frequencies": 362000
  },
  "washingtonLynchburg": {
    "operatingRevenue": 4800000,
    "operatingExpenses": 5500000,
    "adjustedEarnings": -700000,
    "ridership": 83500,
    "seatMiles": 37900000,
    "passengerMiles": 12000000,
    "trainMiles": 100,
    "frequencies": 133000
  },
  "washingtonNewportNews": {
    "operatingRevenue": 0,
    "operatingExpenses": 6400000,
    "adjustedEarnings": 8500000,
    "ridership": -2100,
    "seatMiles": 104700000,
    "passengerMiles": 42400000,
    "trainMiles": 100,
    "frequencies": 175700
  },
  "washingtonNorfolk": {
    "operatingRevenue": 0,
    "operatingExpenses": 7500000,
    "adjustedEarnings": 9500000,
    "ridership": -2000,
    "seatMiles": 99800000,
    "passengerMiles": 65200000,
    "trainMiles": 100,
    "frequencies": 239700
  },
  "washingtonRichmond": {
    "operatingRevenue": 0,
    "operatingExpenses": 4400000,
    "adjustedEarnings": 3300000,
    "ridership": 1100,
    "seatMiles": 28500000,
    "passengerMiles": 18800000,
    "trainMiles": 0,
    "frequencies": 87200
  },
  "hoosierState": {
    "operatingRevenue": 0,
    "operatingExpenses": 0,
    "adjustedEarnings": 0,
    "ridership": 0,
    "seatMiles": 0,
    "passengerMiles": 0,
    "trainMiles": 0,
    "frequencies": 0
  },
  "kansasCityStLouis": {
    "operatingRevenue": 6100000,
    "operatingExpenses": 5800000,
    "adjustedEarnings": 300000,
    "ridership": 53200,
    "seatMiles": 33000000,
    "passengerMiles": 10100000,
    "trainMiles": 100,
    "frequencies": 537000
  },
  "pennsylvanian": {
    "operatingRevenue": 7200000,
    "operatingExpenses": 9900000,
    "adjustedEarnings": -2700000,
    "ridership": 78300,
    "seatMiles": 37900000,
    "passengerMiles": 16500000,
    "trainMiles": 100,
    "frequencies": 287300
  },
  "gulfCoastLimited": {
    "operatingRevenue": 0,
    "operatingExpenses": 0,
    "adjustedEarnings": 0,
    "ridership": 0,
    "seatMiles": 0,
    "passengerMiles": 0,
    "trainMiles": 0,
    "frequencies": 0
  },