{
  "acela": {
    "operatingRevenue": 199500000,
    "operatingExpenses": 219600000,
    "adjustedEarnings": -20100000,
    "ridership": 1250200,
    "seatMiles": 431700000,
    "passengerMiles": 249400000,
    "trainMiles": 1400,
    "frequencies": 3547000
  },
  "regional": {
    "operatingRevenue": 355700000,
    "operatingExpenses": 3000000,
    "adjustedEarnings": 75000000,
    "ridership": -19400,
    "seatMiles": 4212800000,
    "passengerMiles": 1294700000,
    "trainMiles": 3000,
    "frequencies": 8138300
  },
  "necSpecialTrainsAdjustments": {
    "operatingRevenue": 4300000,
    "operatingExpenses": 7300000,
    "adjustedEarnings": -3000000,
    "ridership": 0,
    "seatMiles": 3100000,
    "passengerMiles": 0,
    "trainMiles": 0,
    "frequencies": 266000
  },
  "nec": {
    "operatingRevenue": 559500000,
    "operatingExpenses": 602000000,
    "adjustedEarnings": -42500000,
    "ridership": 5463100,
    "seatMiles": 1729500000,
    "passengerMiles": 1001200000,
    "trainMiles": 4400,
    "frequencies": 11951300
  },
  "ethanAllenExpress": {
    "operatingRevenue": 1900000,
    "operatingExpenses": 4099999.9999999995,
    "adjustedEarnings": -2200000,
    "ridership": 30600,
    "seatMiles": 14900000,
    "passengerMiles": 1700000,
    "trainMiles": 0,
    "frequencies": 200900
  },
  "vermonter": {
    "operatingRevenue": 6000000,
    "operatingExpenses": 6500000,
    "adjustedEarnings": -500000,
    "ridership": 52100,
    "seatMiles": 34800000,
    "passengerMiles": 5800000,
    "trainMiles": 100,
    "frequencies": 190500
  },
  "mapleLeaf": {
    "operatingRevenue": 22000000,
    "operatingExpenses": 25900000,
    "adjustedEarnings": -3900000,
    "ridership": 240400,
    "seatMiles": 156100000,
    "passengerMiles": 45400000,
    "trainMiles": 500,
    "frequencies": 1006000
  },
  "theDowneaster": {
    "operatingRevenue": 11600000,
    "operatingExpenses": 12800000,
    "adjustedEarnings": -1200000,
    "ridership": 252800,
    "seatMiles": 102500000,
    "passengerMiles": 22200000,
    "trainMiles": 300,
    "frequencies": 2396000
  },
  "newHavenSpringfield": {
    "operatingRevenue": 0,
    "operatingExpenses": 13600000,
    "adjustedEarnings": 22500000,
    "ridership": -8900,
    "seatMiles": 207200000,
    "passengerMiles": 65099999.99999999,
    "trainMiles": 300,
    "frequencies": 3762800
  },
  "keystoneService": {
    "operatingRevenue": 20400000,
    "operatingExpenses": 49900000,
    "adjustedEarnings": -29500000,
    "ridership": 487700,
    "seatMiles": 153000000,
    "passengerMiles": 33000000,
    "trainMiles": 400,
    "frequencies": 2740900
  },
  "empireService": {
    "operatingRevenue": 35900000,
    "operatingExpenses": 49500000,
    "adjustedEarnings": -13600000,
    "ridership": 635800,
    "seatMiles": 192700000,
    "passengerMiles": 103300000,
    "trainMiles": 600,
    "frequencies": 2967200
  },
  "chicagoStLouis": {
    "operatingRevenue": 25100000,
    "operatingExpenses": 26900000,
    "adjustedEarnings": -1800000,
    "ridership": 293000,
    "seatMiles": 154500000,
    "passengerMiles": 55100000,
    "trainMiles": 500,
    "frequencies": 1912000
  },
  "hiawathas": {
    "operatingRevenue": 13700000,
    "operatingExpenses": 16300000,
    "adjustedEarnings": -2600000,
    "ridership": 286200,
    "seatMiles": 55100000,
    "passengerMiles": 23100000,
    "trainMiles": 300,
    "frequencies": 3087000
  },
  "wolverines": {
    "operatingRevenue": 22200000,
    "operatingExpenses": 27800000,
    "adjustedEarnings": -5600000,
    "ridership": 221700,
    "seatMiles": 106300000,
    "passengerMiles": 48800000,
    "trainMiles": 400,
    "frequencies": 1444000
  },
  "illini": {
    "operatingRevenue": 13500000,
    "operatingExpenses": 10600000,
    "adjustedEarnings": 3000000,
    "ridership": 155400,
    "seatMiles": 96200000,
    "passengerMiles": 25200000,
    "trainMiles": 200,
    "frequencies": 698000
  },
  "illinoisZephyr": {
    "operatingRevenue": 12100000,
    "operatingExpenses": 11200000,
    "adjustedEarnings": 900000,
    "ridership": 87500,
    "seatMiles": 49900000,
    "passengerMiles": 14400000,
    "trainMiles": 200,
    "frequencies": 967000
  },
  "heartlandFlyer": {
    "operatingRevenue": 4900000,
    "operatingExpenses": 5400000,
    "adjustedEarnings": -600000,
    "ridership": 37800,
    "seatMiles": 18200000,
    "passengerMiles": 6900000,
    "trainMiles": 100,
    "frequencies": 479000
  },
  "pacificSurfliner": {
    "operatingRevenue": 63200000,
    "operatingExpenses": 76800000,
    "adjustedEarnings": -13600000,
    "ridership": 955800,
    "seatMiles": 431900000,
    "passengerMiles": 94600000,
    "trainMiles": 1000,
    "frequencies": 4944000
  },
  "cascades": {
    "operatingRevenue": 24800000,
    "operatingExpenses": 28600000,
    "adjustedEarnings": -3800000,
    "ridership": 230400,
    "seatMiles": 79500000,
    "passengerMiles": 35800000,
    "trainMiles": 400,
    "frequencies": 1441700
  },
  "capitols": {
    "operatingRevenue": 33400000,
    "operatingExpenses": 37700000,
    "adjustedEarnings": -4300000,
    "ridership": 410800,
    "seatMiles": 164700000,
    "passengerMiles": 30900000,
    "trainMiles": 600,
    "frequencies": 5040000
  },
  "sanJoaquins": {
    "operatingRevenue": 52800000,
    "operatingExpenses": 59500000,
    "adjustedEarnings": -6700000,
    "ridership": 439500,
    "seatMiles": 346400000,
    "passengerMiles": 64000000,
    "trainMiles": 900,
    "frequencies": 2878000
  },
  "adirondack": {
    "operatingRevenue": 1300000,
    "operatingExpenses": 1300000,
    "adjustedEarnings": -100000,
    "ridership": 0,
    "seatMiles": 0,
    "passengerMiles": 0,
    "trainMiles": 0,
    "frequencies": 0
  },
  "blueWater": {
    "operatingRevenue": 9000000,
    "operatingExpenses": 10400000,
    "adjustedEarnings": -1400000,
    "ridership": 85200,
    "seatMiles": 51300000,
    "passengerMiles": 16500000,
    "trainMiles": 200,
    "frequencies": 484000
  },
  "washingtonLynchburg": {
    "operatingRevenue": 6100000,
    "operatingExpenses": 7600000,
    "adjustedEarnings": -1500000,
    "ridership": 124100,
    "seatMiles": 51400000,
    "passengerMiles": 17500000,
    "trainMiles": 100,
    "frequencies": 178600
  },
  "washingtonNewportNews": {
    "operatingRevenue": 0,
    "operatingExpenses": 7700000,
    "adjustedEarnings": 10700000,
    "ridership": -3000,
    "seatMiles": 139100000,
    "passengerMiles": 53500000,
    "trainMiles": 100,
    "frequencies": 217100
  },
  "washingtonNorfolk": {
    "operatingRevenue": 0,
    "operatingExpenses": 10000000,
    "adjustedEarnings": 13100000,
    "ridership": -3100,
    "seatMiles": 154000000,
    "passengerMiles": 88400000,
    "trainMiles": 200,
    "frequencies": 320200
  },
  "washingtonRichmond": {
    "operatingRevenue": 0,
    "operatingExpenses": 6300000,
    "adjustedEarnings": 4600000,
    "ridership": 1700,
    "seatMiles": 45800000,
    "passengerMiles": 25700000,
    "trainMiles": 100,
    "frequencies": 114000
  },
  "hoosierState": {
    "operatingRevenue": 0,
    "operatingExpenses": 0,
    "adjustedEarnings": 0,
    "ridership": 0,
    "seatMiles": 0,
    "passengerMiles": 0,
    "trainMiles": 0,
    "frequencies": 0
  },
  "kansasCityStLouis": {
    "operatingRevenue": 8400000,
    "operatingExpenses": 7400000,
    "adjustedEarnings": 1000000,
    "ridership": 69800,
    "seatMiles": 38600000,
    "passengerMiles": 13500000,
    "trainMiles": 200,
    "frequencies": 641000
  },
  "pennsylvanian": {
    "operatingRevenue": 9600000,
    "operatingExpenses": 13600000,
    "adjustedEarnings": -4000000,
    "ridership": 109100,
    "seatMiles": 50700000,
    "passengerMiles": 23000000,
    "trainMiles": 200,
    "frequencies": 384200
  },
  "gulfCoastLimited": {
    "operatingRevenue": 0,
    "operatingExpenses": 0,
    "adjustedEarnings": 0,
    "ridership": 0,
    "seatMiles": 0,
    "passengerMiles": 0,
    "trainMiles": 0,
    "frequencies": 0
  },