{
  "acela": {
    "operatingRevenue": 98900000,
    "operatingExpenses": 239200000,
    "adjustedEarnings": -140400000,
    "ridership": 755200,
    "seatMiles": 440700000,
    "passengerMiles": 154000000,
    "trainMiles": 1400,
    "frequencies": 3707000
  },
  "regional": {
    "operatingRevenue": 201800000,
    "operatingExpenses": 388700000,
    "adjustedEarnings": -186900000,
    "ridership": 2997000,
    "seatMiles": 1409000000,
    "passengerMiles": 489900000,
    "trainMiles": 3400,
    "frequencies": 8522500
  },
  "necSpecialTrainsAdjustments": {
    "operatingRevenue": 7400000,
    "operatingExpenses": 10300000,
    "adjustedEarnings": -2900000,
    "ridership": 2000,
    "seatMiles": 5700000,
    "passengerMiles": 400000,
    "trainMiles": 0,
    "frequencies": 375000
  },
  "nec": {
    "operatingRevenue": 308100000,
    "operatingExpenses": 638200000,
    "adjustedEarnings": -330200000,
    "ridership": 3754200,
    "seatMiles": 1855400000,
    "passengerMiles": 644300000,
    "trainMiles": 4900,
    "frequencies": 12604500
  },
  "ethanAllenExpress": {
    "operatingRevenue": 1100000,
    "operatingExpenses": 1100000,
    "adjustedEarnings": 0,
    "ridership": 8900,
    "seatMiles": 3000000,
    "passengerMiles": 1600000,
    "trainMiles": 0,
    "frequencies": 36900
  },
  "vermonter": {
    "operatingRevenue": 1400000,
    "operatingExpenses": 1100000,
    "adjustedEarnings": 300000,
    "ridership": 12700,
    "seatMiles": 7000000,
    "passengerMiles": 3200000,
    "trainMiles": 0,
    "frequencies": 40600
  },
  "mapleLeaf": {
    "operatingRevenue": 23800000,
    "operatingExpenses": 24500000,
    "adjustedEarnings": -700000,
    "ridership": 219100,
    "seatMiles": 148400000,
    "passengerMiles": 64099999.99999999,
    "trainMiles": 500,
    "frequencies": 979800
  },
  "theDowneaster": {
    "operatingRevenue": 14100000,
    "operatingExpenses": 14500000,
    "adjustedEarnings": -400000,
    "ridership": 173000,
    "seatMiles": 125300000,
    "passengerMiles": 14700000,
    "trainMiles": 400,
    "frequencies": 2887000
  },
  "newHavenSpringfield": {
    "operatingRevenue": 0,
    "operatingExpenses": 20000000,
    "adjustedEarnings": 25500000,
    "ridership": -5500,
    "seatMiles": 169500000,
    "passengerMiles": 65900000.00000001,
    "trainMiles": 300,
    "frequencies": 3467500
  },
  "keystoneService": {
    "operatingRevenue": 36200000,
    "operatingExpenses": 57200000,
    "adjustedEarnings": -21000000,
    "ridership": 339100,
    "seatMiles": 193600000,
    "passengerMiles": 31500000,
    "trainMiles": 500,
    "frequencies": 4392100
  },
  "empireService": {
    "operatingRevenue": 45700000,
    "operatingExpenses": 57900000,
    "adjustedEarnings": -12200000,
    "ridership": 547300,
    "seatMiles": 256399999.99999997,
    "passengerMiles": 64099999.99999999,
    "trainMiles": 800,
    "frequencies": 4758400
  },
  "chicagoStLouis": {
    "operatingRevenue": 21600000,
    "operatingExpenses": 25800000,
    "adjustedEarnings": -4200000,
    "ridership": 227500,
    "seatMiles": 128600000,
    "passengerMiles": 42300000,
    "trainMiles": 400,
    "frequencies": 1511000
  },
  "hiawathas": {
    "operatingRevenue": 16100000.000000002,
    "operatingExpenses": 17900000,
    "adjustedEarnings": -1800000,
    "ridership": 203900,
    "seatMiles": 53100000,
    "passengerMiles": 16500000,
    "trainMiles": 300,
    "frequencies": 2941000
  },
  "wolverines": {
    "operatingRevenue": 15400000,
    "operatingExpenses": 18400000,
    "adjustedEarnings": -3000000,
    "ridership": 128800.00000000001,
    "seatMiles": 76800000,
    "passengerMiles": 29700000,
    "trainMiles": 200,
    "frequencies": 753000
  },
  "illini": {
    "operatingRevenue": 13100000,
    "operatingExpenses": 7400000,
    "adjustedEarnings": 5700000,
    "ridership": 128400,
    "seatMiles": 102300000,
    "passengerMiles": 20500000,
    "trainMiles": 200,
    "frequencies": 746000
  },
  "illinoisZephyr": {
    "operatingRevenue": 9300000,
    "operatingExpenses": 9900000,
    "adjustedEarnings": -600000,
    "ridership": 67600,
    "seatMiles": 43400000,
    "passengerMiles": 11200000,
    "trainMiles": 200,
    "frequencies": 756000
  },
  "heartlandFlyer": {
    "operatingRevenue": 6100000,
    "operatingExpenses": 7400000,
    "adjustedEarnings": -1400000,
    "ridership": 38500,
    "seatMiles": 22600000,
    "passengerMiles": 6900000,
    "trainMiles": 100,
    "frequencies": 654000
  },
  "pacificSurfliner": {
    "operatingRevenue": 71500000,
    "operatingExpenses": 86000000,
    "adjustedEarnings": -14500000,
    "ridership": 744000,
    "seatMiles": 415100000,
    "passengerMiles": 70700000,
    "trainMiles": 900,
    "frequencies": 4414000
  },
  "cascades": {
    "operatingRevenue": 22200000,
    "operatingExpenses": 27100000,
    "adjustedEarnings": -4900000,
    "ridership": 156200,
    "seatMiles": 61300000,
    "passengerMiles": 24700000,
    "trainMiles": 300,
    "frequencies": 1054300
  },
  "capitols": {
    "operatingRevenue": 37700000,
    "operatingExpenses": 42600000,
    "adjustedEarnings": -4900000,
    "ridership": 306600,
    "seatMiles": 174300000,
    "passengerMiles": 21700000,
    "trainMiles": 700,
    "frequencies": 5304000
  },
  "sanJoaquins": {
    "operatingRevenue": 52500000,
    "operatingExpenses": 62600000,
    "adjustedEarnings": -10100000,
    "ridership": 387700,
    "seatMiles": 365700000,
    "passengerMiles": 56000000,
    "trainMiles": 900,
    "frequencies": 2818000
  },
  "adirondack": {
    "operatingRevenue": 2000000,
    "operatingExpenses": 900000,
    "adjustedEarnings": 1100000,
    "ridership": 0,
    "seatMiles": 0,
    "passengerMiles": 0,
    "trainMiles": 0,
    "frequencies": 0
  },
  "blueWater": {
    "operatingRevenue": 13900000,
    "operatingExpenses": 16300000,
    "adjustedEarnings": -2400000,
    "ridership": 88500,
    "seatMiles": 75000000,
    "passengerMiles": 16399999.999999998,
    "trainMiles": 200,
    "frequencies": 668000
  },
  "washingtonLynchburg": {
    "operatingRevenue": 11700000,
    "operatingExpenses": 10200000,
    "adjustedEarnings": 1500000,
    "ridership": 100600,
    "seatMiles": 66400000.00000001,
    "passengerMiles": 25000000,
    "trainMiles": 200,
    "frequencies": 253000
  },
  "washingtonNewportNews": {
    "operatingRevenue": 0,
    "operatingExpenses": 11800000,
    "adjustedEarnings": 18600000,
    "ridership": -6800,
    "seatMiles": 173600000,
    "passengerMiles": 90500000,
    "trainMiles": 200,
    "frequencies": 410100
  },
  "washingtonNorfolk": {
    "operatingRevenue": 0,
    "operatingExpenses": 16600000.000000002,
    "adjustedEarnings": 15000000,
    "ridership": 1600,
    "seatMiles": 126200000,
    "passengerMiles": 103000000,
    "trainMiles": 200,
    "frequencies": 403700
  },
  "washingtonRichmond": {
    "operatingRevenue": 0,
    "operatingExpenses": 8500000,
    "adjustedEarnings": 100000,
    "ridership": 8400,
    "seatMiles": 100000,
    "passengerMiles": 0,
    "trainMiles": 0,
    "frequencies": 0
  },
  "hoosierState": {
    "operatingRevenue": 0,
    "operatingExpenses": 0,
    "adjustedEarnings": 0,
    "ridership": 0,
    "seatMiles": 0,
    "passengerMiles": 0,
    "trainMiles": 0,
    "frequencies": 0
  },
  "kansasCityStLouis": {
    "operatingRevenue": 10100000,
    "operatingExpenses": 9800000,
    "adjustedEarnings": 200000,
    "ridership": 67200,
    "seatMiles": 63100000,
    "passengerMiles": 13300000,
    "trainMiles": 200,
    "frequencies": 736000
  },
  "pennsylvanian": {
    "operatingRevenue": 14400000,
    "operatingExpenses": 16100000.000000002,
    "adjustedEarnings": -1700000,
    "ridership": 115300,
    "seatMiles": 70600000,
    "passengerMiles": 26600000,
    "trainMiles": 200,
    "frequencies": 527100
  },
  "pereMarquette": {
    "operatingRevenue": 6500000,
    "operatingExpenses": 7400000,
    "adjustedEarnings": -900000,
    "ridership": 46500,
    "seatMiles": 25200000,